{
  "precision": 1.0,
  "recall": 0.9665327978580991,
  "f1": 0.9829816201497618,
  "roc_auc": 0.9990902079417733,
  "confusion_matrix": {
    "tn": 4827,
    "fp": 0,
    "fn": 25,
    "tp": 722
  }
}